Original Data,Normalized Data
20,0.96013
9,-0.593022
12,-0.169435
25,1.66611
20,0.96013
